scivastdev,humvastdev,lanvastdev
1.456564513,1.775990694,1.95913665
