p8stdev,p8engstdev,p8matstdev,p8ebacstdev,p8openstdev
1.412814,1.635252,1.488701,1.633377,1.621232
