p8stdev,p8engstdev,p8matstdev,p8ebacstdev,p8openstdev
1.408359,1.609325,1.530366,1.636993,1.630237
