p8stdev,p8engstdev,p8matstdev,p8ebacstdev,p8openstdev
1.414023,1.635317,1.489333,1.635225,1.623297
