p8stdev,p8engstdev,p8matstdev,p8ebacstdev,p8openstdev
1.41628,1.614052,1.487134,1.637291,1.616699
